<?xml version="1.0" encoding="UTF-8"?>
<GenRun Id="impl_1" LaunchPart="xc7s75fgga676-1IL" LaunchTime="1677016672">
  <File Type="BITSTR-BMM" Name="Multiplexor_bd.bmm"/>
  <File Type="OPT-METHODOLOGY-DRC" Name="Multiplexor_methodology_drc_opted.rpt"/>
  <File Type="INIT-TIMING" Name="Multiplexor_timing_summary_init.rpt"/>
  <File Type="ROUTE-PWR" Name="Multiplexor_power_routed.rpt"/>
  <File Type="PA-TCL" Name="Multiplexor.tcl"/>
  <File Type="OPT-TIMING" Name="Multiplexor_timing_summary_opted.rpt"/>
  <File Type="OPT-DCP" Name="Multiplexor_opt.dcp"/>
  <File Type="ROUTE-PWR-SUM" Name="Multiplexor_power_summary_routed.pb"/>
  <File Type="REPORTS-TCL" Name="Multiplexor_reports.tcl"/>
  <File Type="OPT-DRC" Name="Multiplexor_drc_opted.rpt"/>
  <File Type="OPT-HWDEF" Name="Multiplexor.hwdef"/>
  <File Type="PWROPT-DCP" Name="Multiplexor_pwropt.dcp"/>
  <File Type="PWROPT-DRC" Name="Multiplexor_drc_pwropted.rpt"/>
  <File Type="PWROPT-TIMING" Name="Multiplexor_timing_summary_pwropted.rpt"/>
  <File Type="PLACE-DCP" Name="Multiplexor_placed.dcp"/>
  <File Type="PLACE-IO" Name="Multiplexor_io_placed.rpt"/>
  <File Type="PLACE-CLK" Name="Multiplexor_clock_utilization_placed.rpt"/>
  <File Type="PLACE-UTIL" Name="Multiplexor_utilization_placed.rpt"/>
  <File Type="PLACE-UTIL-PB" Name="Multiplexor_utilization_placed.pb"/>
  <File Type="PLACE-CTRL" Name="Multiplexor_control_sets_placed.rpt"/>
  <File Type="PLACE-SIMILARITY" Name="Multiplexor_incremental_reuse_placed.rpt"/>
  <File Type="PLACE-PRE-SIMILARITY" Name="Multiplexor_incremental_reuse_pre_placed.rpt"/>
  <File Type="PLACE-TIMING" Name="Multiplexor_timing_summary_placed.rpt"/>
  <File Type="POSTPLACE-PWROPT-DCP" Name="Multiplexor_postplace_pwropt.dcp"/>
  <File Type="BG-BIN" Name="Multiplexor.bin"/>
  <File Type="POSTPLACE-PWROPT-TIMING" Name="Multiplexor_timing_summary_postplace_pwropted.rpt"/>
  <File Type="PHYSOPT-DCP" Name="Multiplexor_physopt.dcp"/>
  <File Type="PHYSOPT-DRC" Name="Multiplexor_drc_physopted.rpt"/>
  <File Type="BITSTR-MSK" Name="Multiplexor.msk"/>
  <File Type="PHYSOPT-TIMING" Name="Multiplexor_timing_summary_physopted.rpt"/>
  <File Type="ROUTE-ERROR-DCP" Name="Multiplexor_routed_error.dcp"/>
  <File Type="ROUTE-DCP" Name="Multiplexor_routed.dcp"/>
  <File Type="ROUTE-BLACKBOX-DCP" Name="Multiplexor_routed_bb.dcp"/>
  <File Type="ROUTE-DRC" Name="Multiplexor_drc_routed.rpt"/>
  <File Type="ROUTE-DRC-PB" Name="Multiplexor_drc_routed.pb"/>
  <File Type="ROUTE-DRC-RPX" Name="Multiplexor_drc_routed.rpx"/>
  <File Type="BITSTR-MMI" Name="Multiplexor.mmi"/>
  <File Type="ROUTE-METHODOLOGY-DRC" Name="Multiplexor_methodology_drc_routed.rpt"/>
  <File Type="ROUTE-METHODOLOGY-DRC-RPX" Name="Multiplexor_methodology_drc_routed.rpx"/>
  <File Type="ROUTE-METHODOLOGY-DRC-PB" Name="Multiplexor_methodology_drc_routed.pb"/>
  <File Type="ROUTE-PWR-RPX" Name="Multiplexor_power_routed.rpx"/>
  <File Type="ROUTE-STATUS" Name="Multiplexor_route_status.rpt"/>
  <File Type="ROUTE-STATUS-PB" Name="Multiplexor_route_status.pb"/>
  <File Type="ROUTE-TIMINGSUMMARY" Name="Multiplexor_timing_summary_routed.rpt"/>
  <File Type="ROUTE-TIMING-PB" Name="Multiplexor_timing_summary_routed.pb"/>
  <File Type="ROUTE-TIMING-RPX" Name="Multiplexor_timing_summary_routed.rpx"/>
  <File Type="ROUTE-SIMILARITY" Name="Multiplexor_incremental_reuse_routed.rpt"/>
  <File Type="ROUTE-CLK" Name="Multiplexor_clock_utilization_routed.rpt"/>
  <File Type="ROUTE-BUS-SKEW" Name="Multiplexor_bus_skew_routed.rpt"/>
  <File Type="ROUTE-BUS-SKEW-PB" Name="Multiplexor_bus_skew_routed.pb"/>
  <File Type="ROUTE-BUS-SKEW-RPX" Name="Multiplexor_bus_skew_routed.rpx"/>
  <File Type="POSTROUTE-PHYSOPT-DCP" Name="Multiplexor_postroute_physopt.dcp"/>
  <File Type="POSTROUTE-PHYSOPT-BLACKBOX-DCP" Name="Multiplexor_postroute_physopt_bb.dcp"/>
  <File Type="POSTROUTE-PHYSOPT-TIMING" Name="Multiplexor_timing_summary_postroute_physopted.rpt"/>
  <File Type="POSTROUTE-PHYSOPT-TIMING-PB" Name="Multiplexor_timing_summary_postroute_physopted.pb"/>
  <File Type="POSTROUTE-PHYSOPT-TIMING-RPX" Name="Multiplexor_timing_summary_postroute_physopted.rpx"/>
  <File Type="POSTROUTE-PHYSOPT-BUS-SKEW" Name="Multiplexor_bus_skew_postroute_physopted.rpt"/>
  <File Type="POSTROUTE-PHYSOPT-BUS-SKEW-PB" Name="Multiplexor_bus_skew_postroute_physopted.pb"/>
  <File Type="BG-BIT" Name="Multiplexor.bit"/>
  <File Type="POSTROUTE-PHYSOPT-BUS-SKEW-RPX" Name="Multiplexor_bus_skew_postroute_physopted.rpx"/>
  <File Type="BITSTR-RBT" Name="Multiplexor.rbt"/>
  <File Type="BITSTR-NKY" Name="Multiplexor.nky"/>
  <File Type="PDI-FILE" Name="Multiplexor.pdi"/>
  <File Type="RCFI_FILE" Name="Multiplexor.rcfi"/>
  <File Type="CFI_FILE" Name="Multiplexor.cfi"/>
  <File Type="RNPI_FILE" Name="Multiplexor.rnpi"/>
  <File Type="NPI_FILE" Name="Multiplexor.npi"/>
  <File Type="RBD_FILE" Name="Multiplexor.rbd"/>
  <File Type="BITSTR-LTX" Name="debug_nets.ltx"/>
  <File Type="BITSTR-LTX" Name="Multiplexor.ltx"/>
  <File Type="BITSTR-SYSDEF" Name="Multiplexor.sysdef"/>
  <File Type="BG-BGN" Name="Multiplexor.bgn"/>
  <File Type="BG-DRC" Name="Multiplexor.drc"/>
  <File Type="RDI-RDI" Name="Multiplexor.vdi"/>
  <File Type="WBT-USG" Name="usage_statistics_webtalk.html"/>
  <FileSet Name="sources" Type="DesignSrcs" RelSrcDir="$PSRCDIR/sources_1">
    <Filter Type="Srcs"/>
    <File Path="$PSRCDIR/sources_1/new/Multiplexor.vhd">
      <FileInfo>
        <Attr Name="UsedIn" Val="synthesis"/>
        <Attr Name="UsedIn" Val="simulation"/>
      </FileInfo>
    </File>
    <Config>
      <Option Name="DesignMode" Val="RTL"/>
      <Option Name="TopModule" Val="Multiplexor"/>
      <Option Name="TopAutoSet" Val="TRUE"/>
    </Config>
  </FileSet>
  <FileSet Name="constrs_in" Type="Constrs" RelSrcDir="$PSRCDIR/constrs_1">
    <Filter Type="Constrs"/>
    <Config>
      <Option Name="ConstrsType" Val="XDC"/>
    </Config>
  </FileSet>
  <FileSet Name="utils" Type="Utils" RelSrcDir="$PSRCDIR/utils_1">
    <Filter Type="Utils"/>
    <Config>
      <Option Name="TopAutoSet" Val="TRUE"/>
    </Config>
  </FileSet>
  <Strategy Version="1" Minor="2">
    <StratHandle Name="Vivado Implementation Defaults" Flow="Vivado Implementation 2019">
      <Desc>Default settings for Implementation.</Desc>
    </StratHandle>
    <Step Id="init_design"/>
    <Step Id="opt_design"/>
    <Step Id="power_opt_design"/>
    <Step Id="place_design"/>
    <Step Id="post_place_power_opt_design"/>
    <Step Id="phys_opt_design" EnableStepBool="1"/>
    <Step Id="route_design"/>
    <Step Id="post_route_phys_opt_design"/>
    <Step Id="write_bitstream"/>
  </Strategy>
</GenRun>
