<?xml version="1.0" encoding="UTF-8"?>
<GenRun Id="impl_1" LaunchPart="xc7s75fgga676-1IL" LaunchTime="1677000027">
  <File Type="BITSTR-BMM" Name="FullSubtractor_D16_bd.bmm"/>
  <File Type="OPT-METHODOLOGY-DRC" Name="FullSubtractor_D16_methodology_drc_opted.rpt"/>
  <File Type="INIT-TIMING" Name="FullSubtractor_D16_timing_summary_init.rpt"/>
  <File Type="ROUTE-PWR" Name="FullSubtractor_D16_power_routed.rpt"/>
  <File Type="PA-TCL" Name="FullSubtractor_D16.tcl"/>
  <File Type="OPT-TIMING" Name="FullSubtractor_D16_timing_summary_opted.rpt"/>
  <File Type="OPT-DCP" Name="FullSubtractor_D16_opt.dcp"/>
  <File Type="ROUTE-PWR-SUM" Name="FullSubtractor_D16_power_summary_routed.pb"/>
  <File Type="REPORTS-TCL" Name="FullSubtractor_D16_reports.tcl"/>
  <File Type="OPT-DRC" Name="FullSubtractor_D16_drc_opted.rpt"/>
  <File Type="OPT-HWDEF" Name="FullSubtractor_D16.hwdef"/>
  <File Type="PWROPT-DCP" Name="FullSubtractor_D16_pwropt.dcp"/>
  <File Type="PWROPT-DRC" Name="FullSubtractor_D16_drc_pwropted.rpt"/>
  <File Type="PWROPT-TIMING" Name="FullSubtractor_D16_timing_summary_pwropted.rpt"/>
  <File Type="PLACE-DCP" Name="FullSubtractor_D16_placed.dcp"/>
  <File Type="PLACE-IO" Name="FullSubtractor_D16_io_placed.rpt"/>
  <File Type="PLACE-CLK" Name="FullSubtractor_D16_clock_utilization_placed.rpt"/>
  <File Type="PLACE-UTIL" Name="FullSubtractor_D16_utilization_placed.rpt"/>
  <File Type="PLACE-UTIL-PB" Name="FullSubtractor_D16_utilization_placed.pb"/>
  <File Type="PLACE-CTRL" Name="FullSubtractor_D16_control_sets_placed.rpt"/>
  <File Type="PLACE-SIMILARITY" Name="FullSubtractor_D16_incremental_reuse_placed.rpt"/>
  <File Type="PLACE-PRE-SIMILARITY" Name="FullSubtractor_D16_incremental_reuse_pre_placed.rpt"/>
  <File Type="PLACE-TIMING" Name="FullSubtractor_D16_timing_summary_placed.rpt"/>
  <File Type="POSTPLACE-PWROPT-DCP" Name="FullSubtractor_D16_postplace_pwropt.dcp"/>
  <File Type="BG-BIN" Name="FullSubtractor_D16.bin"/>
  <File Type="POSTPLACE-PWROPT-TIMING" Name="FullSubtractor_D16_timing_summary_postplace_pwropted.rpt"/>
  <File Type="PHYSOPT-DCP" Name="FullSubtractor_D16_physopt.dcp"/>
  <File Type="PHYSOPT-DRC" Name="FullSubtractor_D16_drc_physopted.rpt"/>
  <File Type="BITSTR-MSK" Name="FullSubtractor_D16.msk"/>
  <File Type="PHYSOPT-TIMING" Name="FullSubtractor_D16_timing_summary_physopted.rpt"/>
  <File Type="ROUTE-ERROR-DCP" Name="FullSubtractor_D16_routed_error.dcp"/>
  <File Type="ROUTE-DCP" Name="FullSubtractor_D16_routed.dcp"/>
  <File Type="ROUTE-BLACKBOX-DCP" Name="FullSubtractor_D16_routed_bb.dcp"/>
  <File Type="ROUTE-DRC" Name="FullSubtractor_D16_drc_routed.rpt"/>
  <File Type="ROUTE-DRC-PB" Name="FullSubtractor_D16_drc_routed.pb"/>
  <File Type="ROUTE-DRC-RPX" Name="FullSubtractor_D16_drc_routed.rpx"/>
  <File Type="BITSTR-MMI" Name="FullSubtractor_D16.mmi"/>
  <File Type="ROUTE-METHODOLOGY-DRC" Name="FullSubtractor_D16_methodology_drc_routed.rpt"/>
  <File Type="ROUTE-METHODOLOGY-DRC-RPX" Name="FullSubtractor_D16_methodology_drc_routed.rpx"/>
  <File Type="ROUTE-METHODOLOGY-DRC-PB" Name="FullSubtractor_D16_methodology_drc_routed.pb"/>
  <File Type="ROUTE-PWR-RPX" Name="FullSubtractor_D16_power_routed.rpx"/>
  <File Type="ROUTE-STATUS" Name="FullSubtractor_D16_route_status.rpt"/>
  <File Type="ROUTE-STATUS-PB" Name="FullSubtractor_D16_route_status.pb"/>
  <File Type="ROUTE-TIMINGSUMMARY" Name="FullSubtractor_D16_timing_summary_routed.rpt"/>
  <File Type="ROUTE-TIMING-PB" Name="FullSubtractor_D16_timing_summary_routed.pb"/>
  <File Type="ROUTE-TIMING-RPX" Name="FullSubtractor_D16_timing_summary_routed.rpx"/>
  <File Type="ROUTE-SIMILARITY" Name="FullSubtractor_D16_incremental_reuse_routed.rpt"/>
  <File Type="ROUTE-CLK" Name="FullSubtractor_D16_clock_utilization_routed.rpt"/>
  <File Type="ROUTE-BUS-SKEW" Name="FullSubtractor_D16_bus_skew_routed.rpt"/>
  <File Type="ROUTE-BUS-SKEW-PB" Name="FullSubtractor_D16_bus_skew_routed.pb"/>
  <File Type="ROUTE-BUS-SKEW-RPX" Name="FullSubtractor_D16_bus_skew_routed.rpx"/>
  <File Type="POSTROUTE-PHYSOPT-DCP" Name="FullSubtractor_D16_postroute_physopt.dcp"/>
  <File Type="POSTROUTE-PHYSOPT-BLACKBOX-DCP" Name="FullSubtractor_D16_postroute_physopt_bb.dcp"/>
  <File Type="POSTROUTE-PHYSOPT-TIMING" Name="FullSubtractor_D16_timing_summary_postroute_physopted.rpt"/>
  <File Type="POSTROUTE-PHYSOPT-TIMING-PB" Name="FullSubtractor_D16_timing_summary_postroute_physopted.pb"/>
  <File Type="POSTROUTE-PHYSOPT-TIMING-RPX" Name="FullSubtractor_D16_timing_summary_postroute_physopted.rpx"/>
  <File Type="POSTROUTE-PHYSOPT-BUS-SKEW" Name="FullSubtractor_D16_bus_skew_postroute_physopted.rpt"/>
  <File Type="POSTROUTE-PHYSOPT-BUS-SKEW-PB" Name="FullSubtractor_D16_bus_skew_postroute_physopted.pb"/>
  <File Type="BG-BIT" Name="FullSubtractor_D16.bit"/>
  <File Type="POSTROUTE-PHYSOPT-BUS-SKEW-RPX" Name="FullSubtractor_D16_bus_skew_postroute_physopted.rpx"/>
  <File Type="BITSTR-RBT" Name="FullSubtractor_D16.rbt"/>
  <File Type="BITSTR-NKY" Name="FullSubtractor_D16.nky"/>
  <File Type="PDI-FILE" Name="FullSubtractor_D16.pdi"/>
  <File Type="RCFI_FILE" Name="FullSubtractor_D16.rcfi"/>
  <File Type="CFI_FILE" Name="FullSubtractor_D16.cfi"/>
  <File Type="RNPI_FILE" Name="FullSubtractor_D16.rnpi"/>
  <File Type="NPI_FILE" Name="FullSubtractor_D16.npi"/>
  <File Type="RBD_FILE" Name="FullSubtractor_D16.rbd"/>
  <File Type="BITSTR-LTX" Name="debug_nets.ltx"/>
  <File Type="BITSTR-LTX" Name="FullSubtractor_D16.ltx"/>
  <File Type="BITSTR-SYSDEF" Name="FullSubtractor_D16.sysdef"/>
  <File Type="BG-BGN" Name="FullSubtractor_D16.bgn"/>
  <File Type="BG-DRC" Name="FullSubtractor_D16.drc"/>
  <File Type="RDI-RDI" Name="FullSubtractor_D16.vdi"/>
  <File Type="WBT-USG" Name="usage_statistics_webtalk.html"/>
  <FileSet Name="sources" Type="DesignSrcs" RelSrcDir="$PSRCDIR/sources_1">
    <Filter Type="Srcs"/>
    <File Path="$PSRCDIR/sources_1/new/FullSubtractor_D16.vhd">
      <FileInfo>
        <Attr Name="UsedIn" Val="synthesis"/>
        <Attr Name="UsedIn" Val="simulation"/>
      </FileInfo>
    </File>
    <Config>
      <Option Name="DesignMode" Val="RTL"/>
      <Option Name="TopModule" Val="FullSubtractor_D16"/>
      <Option Name="TopAutoSet" Val="TRUE"/>
    </Config>
  </FileSet>
  <FileSet Name="constrs_in" Type="Constrs" RelSrcDir="$PSRCDIR/constrs_1">
    <Filter Type="Constrs"/>
    <Config>
      <Option Name="ConstrsType" Val="XDC"/>
    </Config>
  </FileSet>
  <FileSet Name="utils" Type="Utils" RelSrcDir="$PSRCDIR/utils_1">
    <Filter Type="Utils"/>
    <Config>
      <Option Name="TopAutoSet" Val="TRUE"/>
    </Config>
  </FileSet>
  <Strategy Version="1" Minor="2">
    <StratHandle Name="Vivado Implementation Defaults" Flow="Vivado Implementation 2019"/>
    <Step Id="init_design"/>
    <Step Id="opt_design"/>
    <Step Id="power_opt_design"/>
    <Step Id="place_design"/>
    <Step Id="post_place_power_opt_design"/>
    <Step Id="phys_opt_design" EnableStepBool="1"/>
    <Step Id="route_design"/>
    <Step Id="post_route_phys_opt_design"/>
    <Step Id="write_bitstream"/>
  </Strategy>
</GenRun>
