<?xml version="1.0" encoding="UTF-8"?>
<GenRun Id="synth_1" LaunchPart="xc7s75fgga676-1IL" LaunchTime="1676999993">
  <File Type="PA-TCL" Name="FullSubtractor_D16.tcl"/>
  <File Type="RDS-PROPCONSTRS" Name="FullSubtractor_D16_drc_synth.rpt"/>
  <File Type="REPORTS-TCL" Name="FullSubtractor_D16_reports.tcl"/>
  <File Type="RDS-RDS" Name="FullSubtractor_D16.vds"/>
  <File Type="RDS-UTIL" Name="FullSubtractor_D16_utilization_synth.rpt"/>
  <File Type="RDS-UTIL-PB" Name="FullSubtractor_D16_utilization_synth.pb"/>
  <File Type="RDS-DCP" Name="FullSubtractor_D16.dcp"/>
  <File Type="VDS-TIMINGSUMMARY" Name="FullSubtractor_D16_timing_summary_synth.rpt"/>
  <File Type="VDS-TIMING-PB" Name="FullSubtractor_D16_timing_summary_synth.pb"/>
  <FileSet Name="sources" Type="DesignSrcs" RelSrcDir="$PSRCDIR/sources_1">
    <Filter Type="Srcs"/>
    <File Path="$PSRCDIR/sources_1/new/FullSubtractor_D16.vhd">
      <FileInfo>
        <Attr Name="UsedIn" Val="synthesis"/>
        <Attr Name="UsedIn" Val="simulation"/>
      </FileInfo>
    </File>
    <Config>
      <Option Name="DesignMode" Val="RTL"/>
      <Option Name="TopModule" Val="FullSubtractor_D16"/>
      <Option Name="TopAutoSet" Val="TRUE"/>
    </Config>
  </FileSet>
  <FileSet Name="constrs_in" Type="Constrs" RelSrcDir="$PSRCDIR/constrs_1">
    <Filter Type="Constrs"/>
    <Config>
      <Option Name="ConstrsType" Val="XDC"/>
    </Config>
  </FileSet>
  <FileSet Name="utils" Type="Utils" RelSrcDir="$PSRCDIR/utils_1">
    <Filter Type="Utils"/>
    <Config>
      <Option Name="TopAutoSet" Val="TRUE"/>
    </Config>
  </FileSet>
  <Strategy Version="1" Minor="2">
    <StratHandle Name="Vivado Synthesis Defaults" Flow="Vivado Synthesis 2019"/>
    <Step Id="synth_design"/>
  </Strategy>
</GenRun>
